point_id,detect_vis_1,detect_vis_2,jday_vis_1,obs_vis_1,tssr_vis_1,wind_vis_1,jday_vis_2,obs_vis_2,tssr_vis_2,wind_vis_2,num_tree_spp,live_basal,oak_prop,can_clos_prop,shrub_dens,prop_forest_1km,prop_forest_10km
CE001,0,0,163,0,145,7.5,214,1,144,5,4,12,0,0.8,0.614316239,0.38213345,0.291346093
CE002,0,0,163,0,2,6.5,214,1,0,1.5,4,18,0.833333333,1,1.009483022,0.386084284,0.292598461
CE003,0,0,163,0,136,7,214,1,127,3,1,16,1,0.95,1.469017094,0.445566286,0.291388737
CE004,0,0,163,0,21,7.5,214,1,18,1.5,2,22,0.954545455,0.9,1.121794872,0.466637401,0.29267477
CE006,0,0,163,0,115,7.5,214,1,107,2.5,3,24,0.333333333,0.9,1.09508547,0.525680421,0.290365296
CE007,0,0,163,0,41,NA,214,1,35,1.5,2,13,0.307692308,0.95,0.887121444,0.547410009,0.292032876
CE008,0,0,163,0,95,8,214,1,88,1.5,4,18,0.611111111,0.8,3.525641026,0.572870939,0.290313675
CE009,0,0,163,0,78,6,214,1,68,4,3,11,0.090909091,0.95,3.205128205,0.611940299,0.2906638
CE010,0,0,163,0,61,NA,214,1,51,1.5,2,19,0,1,2.724358974,0.635645303,0.290802952
CE012,0,0,156,0,184,4.5,210,1,171,6.5,3,18,0.611111111,1,1.014957265,0.512510975,0.281448348
CE013,0,0,156,1,220,6,210,0,162,6.5,4,19,0.684210526,0.95,1.175213675,0.50285338,0.283843108
CE014,0,0,156,1,200,4.5,210,0,142,6,5,15,0.733333333,1,2.670940171,0.517559263,0.285308693
CE015,0,0,156,1,179,1.5,210,0,124,4.5,1,6,0,0.65,0.694444444,0.559701493,0.287813429
CE016,0,0,156,1,138,0,210,0,78,7,4,4,0.25,0.45,4.033119658,0.615013169,0.289617916
CE017,0,0,156,1,119,0,210,0,63,6,5,11,0,0.95,2.590811966,0.651448639,0.290127391
CE020,0,0,164,0,39,15.5,212,1,66,6,1,3,0,0.15,3.846153846,0.500877963,0.271858083
CE021,0,0,164,0,58,14,212,1,85,7,5,27,0.259259259,1,1.148504274,0.526119403,0.273815188
CE022,0,0,164,0,73,16,212,1,101,6.5,3,10,0.8,1,0.587606838,0.570895522,0.27651743
CE026,0,0,166,1,229,9.5,210,0,109,7,6,10,0.7,1,2.483974359,0.624451273,0.285679017
CE027,0,0,156,1,157,0,210,0,93,7,0,0,0,0.05,0.641025641,0.66022827,0.287597967
CE028,0,0,156,1,97,0,210,0,47,5.5,1,1,1,0.45,3.926282051,0.674495171,0.288455323
CE029,0,0,164,0,21,15,212,1,45,6,0,0,0,0,0.053418803,0.555531168,0.269732649
CE030,0,0,164,0,2,12,212,1,26,5,3,7,0.714285714,0.85,1.736111111,0.580772608,0.271380029
CE031,0,0,164,0,88,15.5,212,1,9,1.5,2,19,0.894736842,0.9,0.93482906,0.617208077,0.273714191
CE032,0,0,156,1,-1,0,210,0,-16,4,5,10,0.5,0.75,2.508412359,0.65166813,0.281630143
CE033,0,0,156,1,25,0,210,0,-1,5.5,1,8,0,0.5,5.502136752,0.658033363,0.283385253
CE034,0,0,156,1,49,0,210,0,15,5.5,4,13,0.846153846,1,2.270299145,0.665935031,0.285573531
CE035,0,0,156,1,73,0,210,0,31,6.5,2,27,0,1,3.258547009,0.667032485,0.287263554
CE036,0,0,156,0,125,0,210,1,109,7,0,0,0,0,0,0.506145742,0.26597779
CE037,0,0,156,0,145,0,210,1,126,4.5,6,15,0.2,0.95,1.602564103,0.573968393,0.267106716
CE038,0,0,156,0,160,0,210,1,144,6,3,16,0.75,0.95,1.629273504,0.605575066,0.268596989
CE041,0,0,164,0,103,15.5,212,1,-13,2.5,4,8,0,0.8,3.498931624,0.639815628,0.275989999
CE044,0,0,164,1,64,14,212,0,20,5,5,11,0,0.9,0.721153846,0.646839333,0.285270538
CE045,0,0,164,1,43,15.5,212,0,5,1.5,7,18,0.666666667,0.95,1.121794872,0.640254609,0.285441112
CE047,0,0,156,0,106,0,210,1,91,7,5,16,0.6875,1,1.415598291,0.520851624,0.263073553
CE048,0,0,156,0,11,2.5,210,1,6,5.5,4,18,0.888888889,1,1.25534188,0.602063213,0.264072305
CE049,0,0,156,0,29,0,210,1,23,6.5,6,19,0.526315789,1,0.827991453,0.639596137,0.265881281
CE051,0,0,164,1,86,15.5,212,0,36,6,4,16,0.625,0.85,0.881410256,0.616988586,0.281118423
CE052,0,0,164,1,110,16.5,212,0,51,6,2,5,0.8,0.95,3.258547009,0.614135206,0.283544605
CE053,0,0,164,1,24,15,212,0,-1,1.5,3,6,0,0.9,3.525641026,0.621597893,0.283735378
CE055,0,0,156,0,92,0,210,1,75,6,4,16,0.6875,0.9,2.083333333,0.590649693,0.260766323
CE056,0,0,156,0,63,0,210,1,57,5.5,4,17,0.882352941,1,1.442307692,0.643985953,0.262330661
CE057,0,0,156,0,47,0,210,1,41,5.5,4,17,0.882352941,1,1.442307692,0.669885865,0.263908465
CE060,0,0,164,1,133,16.5,212,0,65,6,3,7,0,0.7,4.433760684,0.633011414,0.280662812
CE061,0,0,164,1,5,15,212,0,-21,2.5,3,4,0,0.85,3.739316239,0.627524144,0.281953335
CE063,0,0,163,1,110,7.5,214,0,33,1.5,5,23,0.565217391,0.95,1.923076923,0.656277436,0.25891246
CE064,0,0,163,1,127,7,214,0,19,1.5,4,11,0.636363636,0.85,1.148504274,0.68832309,0.260923431
CE065,0,0,163,1,144,7,214,0,4,1.5,3,16,0.875,0.95,0.614316239,0.674934153,0.262238641
CE072,0,0,163,1,89,8,214,0,48,1.5,4,17,0,0.95,0.721153846,0.660447761,0.255516703
CE073,1,0,163,1,72,6,214,0,63,4,6,13,0.230769231,1,3.872863248,0.67976295,0.2564773
CE074,0,0,163,1,52,NA,214,0,79,1.5,5,17,0.176470588,0.95,1.442307692,0.673617208,0.258194256
CE075,0,0,163,1,32,NA,214,0,94,2.5,3,13,0.846153846,1,1.09508547,0.602063213,0.259798993
CE076,0,0,163,1,15,7.5,214,0,117,3,3,9,0.777777778,0.9,2.02991453,0.534679543,0.26085161
CH001,0,0,160,1,193,7,207,0,97,10.5,4,9,0.888888889,0.65,3.525641026,0.455449827,0.301886496
CH002,0,0,160,1,174,7,207,0,81,10.5,5,10,0.6,0.95,3.632478632,0.496756055,0.302843415
CH003,0,0,160,1,213,7.5,207,0,111,11,4,7,0.285714286,0.9,3.044871795,0.531790657,0.30113127
CH004,0,0,160,1,143,6.5,207,0,66,13.5,6,15,0.4,1,1.495726496,0.548226644,0.302117322
CH005,0,0,160,1,230,9.5,207,0,127,13,3,3,0.666666667,0.9,1.522435897,0.573313149,0.301624296
CH006,0,0,160,1,119,8.5,207,0,50,11,3,8,0.625,0.8,2.537393162,0.581098616,0.302993564
CH007,0,0,160,1,15,7,207,0,-26,9.5,3,5,0.2,1,2.661364332,0.564446367,0.301922353
CH008,1,0,160,1,98,NA,207,0,36,10.5,6,10,0.4,0.95,2.911324786,0.589965398,0.302975636
CH009,0,0,160,0,151,7,204,1,128,0,2,10,1,1,1.362179487,0.589316609,0.304770698
CH010,0,0,160,0,171,7,204,1,147,0,5,20,0.1,0.7,0.587606838,0.580882353,0.30660834
CH011,0,0,160,0,195,7,204,1,176,0,5,12,0,0.95,3.579059829,0.570717993,0.307952956
CH012,0,0,160,0,221,7.5,204,1,198,1.5,4,7,0.142857143,0.85,2.991452991,0.566392734,0.308212915
CH013,0,0,160,0,243,9.5,204,1,221,0,3,10,0.7,0.95,4.754273504,0.59083045,0.307576464
CH014,0,0,160,1,37,9,207,0,-8,9.5,4,9,0.333333333,0.9,2.831196581,0.547145329,0.301532414
CH015,0,0,160,1,57,9.5,207,0,7,11,6,15,0.266666667,1,2.751068376,0.567690311,0.302729123
CH016,0,0,160,1,76,9,207,0,22,10.5,5,11,0.727272727,0.85,2.96474359,0.577205882,0.304096149
CH017,0,0,160,0,125,6.5,204,1,105,0,5,14,0.571428571,0.9,2.911324786,0.578287197,0.305929309
CH018,0,0,160,0,106,8.5,204,1,85,0,6,8,0.125,0.85,1.495726496,0.598615917,0.307005002
CH019,0,0,160,0,86,NA,204,1,66,0,1,1,1,0.3,2.697649573,0.595371972,0.308161372
CH020,0,0,160,0,66,9,204,1,48,0,9,15,0.333333333,0.95,2.02991453,0.613754325,0.307930546
CH021,0,0,160,0,46,9.5,204,1,29,0,7,9,0.222222222,0.8,1.495726496,0.605103806,0.308656639
CH022,0,0,160,0,23,7,204,1,9,3,4,16,0.5625,0.8,1.949786325,0.541955017,0.309893686
LU001,0,0,141,1,27,17.5,178,0,-5,10.5,7,19,0.789473684,0.95,1.25534188,0.407594381,0.253265583
LU002,0,0,141,1,1,15,178,0,12,9,4,19,0.894736842,1,1.469017094,0.428665496,0.253427179
LU003,0,0,141,1,52,21,178,0,41,11.5,6,17,0.705882353,0.9,0.93482906,0.523485514,0.253090521
LU004,0,0,141,1,72,19.5,178,0,27,10.5,2,21,0.047619048,0.95,2.216880342,0.537971905,0.253285782
LU005,0,0,141,1,116,23.5,178,0,56,11.5,4,13,0.615384615,0.75,2.243589744,0.565188762,0.25415436
LU006,1,0,141,1,97,23,178,0,74,12,3,3,0.333333333,0.65,3.579059829,0.628402107,0.253395757
LU007,0,0,141,1,146,20,178,0,92,11.5,5,11,0.454545455,1,3.872863248,0.626865672,0.252877304
LU008,0,0,141,1,166,22,178,0,145,13,1,8,0,1,1.014957265,0.623353819,0.252632666
LU009,0,1,141,1,190,21,178,0,109,13,6,17,0.705882353,1,1.362179487,0.582089552,0.251957105
LU010,0,0,141,1,207,22,178,0,125,12.5,5,14,0.857142857,0.95,2.508412359,0.545654083,0.250085287
LU011,0,0,141,0,230,21.5,178,1,180,10.5,4,15,0.8,1,3.365384615,0.584064969,0.25479401
LU012,0,0,140,1,45,21,219,0,98,2.5,3,18,0.055555556,0.95,2.056623932,0.666812994,0.253546131
LU013,0,0,140,1,20,16.5,219,0,82,1.5,7,17,0.352941176,1,2.751068376,0.672739245,0.252172566
LU014,0,0,141,1,259,18.5,219,0,-23,0,2,6,0,0.85,4.807692308,0.672958736,0.250996508
LU015,0,0,141,1,238,20.5,219,0,-8,0,6,21,0.80952381,0.8,0.77457265,0.634986831,0.250518453
LU016,0,0,140,1,211,18,219,0,7,0,7,15,0.6,1,2.19017094,0.587357331,0.249380549
LU017,0,0,140,1,75,18,219,0,116,5,7,20,0.45,0.95,1.949786325,0.636303775,0.251874063
LU018,0,0,140,1,102,16,219,0,68,NA,5,8,0.375,0.85,2.697649573,0.669227392,0.250168329
LU019,0,0,140,1,135,19,219,0,52,NA,4,9,0.777777778,1,3.338675214,0.686128183,0.248839652
LU020,0,0,140,1,169,19,219,0,36,0,6,16,0.8125,0.95,4.139957265,0.674714662,0.24853666
LU021,0,0,140,1,190,16,219,0,21,0,6,17,0.705882353,0.8,1.495726496,0.632791923,0.248653368
LU022,0,0,141,0,15,17.5,178,1,-2,10.5,4,20,0.85,1,2.884615385,0.602941176,0.249750873
LU023,0,0,141,0,34,17.5,178,1,95,11.5,3,15,0.8,1,1.789529915,0.649253731,0.247883543
LU024,0,0,141,0,125,23.5,178,1,78,12,5,13,0.692307692,1,2.537393162,0.668788411,0.246465091
LU025,0,0,141,0,106,23,178,1,61,12,3,25,0.84,1,1.86965812,0.664179104,0.246774816
LU026,0,0,141,0,56,19.5,178,1,19,9,5,22,0.636363636,1,1.388888889,0.633889377,0.245903994
LU027,0,0,141,0,81,18.5,178,1,39,10.5,6,15,0.6,0.95,2.430555556,0.651009658,0.243946889
LU028,0,0,141,0,190,21,178,1,153,13,1,1,0,0.85,2.163461538,0.400131694,0.240495022
LU029,0,0,141,0,206,22,178,1,137,12.5,4,10,0,0.85,2.831196581,0.406716418,0.238901507
LU030,0,0,141,0,170,22,178,1,120,13,2,10,0,1,2.19017094,0.365891133,0.236854627
SA001,0,0,149,1,48,7.5,190,0,24,7,2,8,0,0.6,0.560897436,0.393406104,0.197507693
SA003,0,0,149,1,27,7,190,0,10,6,4,23,1,0.75,1.228632479,0.443974159,0.194958743
SA004,0,0,149,1,76,6,190,0,39,6.5,0,0,0,0,0,0.363332591,0.196882818
SA009,0,0,149,1,8,6,190,0,-5,6,3,10,0.7,0.6,0.667735043,0.462018267,0.192834617
SA010,0,0,149,1,95,7.5,190,0,53,7,5,10,0.8,0.55,0.534188034,0.388282468,0.194893558
SA012,0,0,149,0,125,8,190,1,122,10,8,28,0.75,0.95,0.213675214,0.435286255,0.184866337
SA013,0,0,149,0,144,7.5,190,1,140,8.5,0,0,0,0,0,0.457562932,0.185985718
SA014,0,0,149,0,160,5.5,190,1,157,7.5,2,3,1,0.1,0.053418803,0.465137002,0.187669284
SA015,0,0,149,0,187,8,190,1,175,9,7,24,0.375,0.95,0.213675214,0.456449098,0.189267435
SA016,0,0,149,1,-11,6,190,0,-20,6.5,4,5,0.6,0.3,0.667735043,0.441969258,0.190995956
SA017,0,0,149,1,115,8,190,0,67,7,5,18,0.777777778,0.8,0.507478632,0.397638672,0.193232469
SA020,0,0,149,0,101,8,190,1,97,11.5,0,0,0,0,2.19017094,0.474270439,0.182445509
SA021,0,0,149,0,84,7.5,190,1,76,11,0,0,0,0,1.709401709,0.463800401,0.183596358
SA022,0,0,149,0,65,6,190,1,59,7,1,2,0,0,0.614316239,0.431944754,0.18509336
SA023,0,0,149,0,38,7.5,190,1,41,6.5,4,18,0.833333333,0.9,0.77457265,0.42392515,0.186457746
SA024,0,0,149,0,19,7,190,1,22,7,1,1,0,0,0.106837607,0.409668078,0.187419783
SA025,0,0,149,1,178,8,190,0,110,11.5,6,15,0,0.75,1.148504274,0.387614168,0.189627076
SA026,0,0,149,1,138,7.5,190,0,82,11,6,17,0.764705882,0.85,2.136752137,0.391401203,0.191957994
SA028,0,0,157,0,10,5.5,197,1,9,5.5,5,16,0,0.85,2.831196581,0.529516596,0.180642812
SA029,0,0,157,0,113,7.5,197,1,97,7,0,0,0,0,0.560897436,0.496101582,0.182445509
SA030,0,0,157,0,99,7.5,197,1,82,7.5,0,0,0,0,0,0.462241034,0.18381439
SA031,0,0,157,1,75,7.5,197,0,57,6.5,8,30,0.233333333,0.9,0.186965812,0.427043885,0.185097856
SA032,0,0,157,1,55,5.5,197,0,43,6,0,0,0,0,0,0.397193139,0.185641812
SA033,0,0,149,0,0,6,190,1,0,6,6,9,0.555555556,0.95,1.495726496,0.404544442,0.18669376
SA034,0,0,149,1,157,5.5,190,0,96,11.5,1,1,0,0.1,0.133547009,0.395633771,0.190074378
SA036,0,0,157,0,26,5.5,197,1,28,6,6,9,0.111111111,0.7,3.098290598,0.561817777,0.179089616
SA037,0,0,157,0,51,5.5,197,1,47,6.5,2,3,0,0.3,1.25534188,0.551347739,0.180892312
SA038,0,0,157,0,69,7.5,197,1,65,6.5,7,18,0.444444444,1,1.86965812,0.521274226,0.182025179
SA039,0,0,157,1,92,7.5,197,0,75,7.5,8,18,0.055555556,0.85,0.534188034,0.476498106,0.182861343
SA040,0,0,157,1,35,5.5,197,0,28,6,2,3,0.666666667,0.1,3.552350427,0.432390287,0.183153551
SA041,0,0,154,1,136,13,197,0,13,5.5,0,0,0,0,0,0.400757407,0.184066138
SA042,0,0,157,1,-7,4,197,0,-4,6,0,0,0,0,0,0.36199599,0.186920782
SA046,0,0,153,1,85,7.5,195,0,48,11.5,5,26,0.884615385,0.85,1.014957265,0.592114057,0.178291664
SA047,0,0,153,1,67,7.5,195,0,34,12,4,18,0.777777778,0.9,1.575854701,0.56916908,0.179642563
SA048,0,0,154,0,67,14,192,1,37,0,10,31,0.419354839,0.95,2.483974359,0.536199599,0.180609096
SA049,0,0,154,0,84,13,192,1,20,0,0,0,0,0,0,0.471597238,0.1812542
SA050,0,0,154,1,121,13,192,0,8,0,3,6,0,0.5,0.320512821,0.412341279,0.182461243
SA051,0,0,157,1,11,5.5,192,0,22,0,0,0,0,0,0,0.344620183,0.185136068
SA052,0,0,150,0,151,5.5,196,1,139,10.5,9,16,0.6875,1,0.881410256,0.329917576,0.188701002
SA053,0,0,150,0,5,5.5,196,1,11,0,4,12,0.75,0.95,1.228632479,0.336377812,0.192448004
SA054,0,0,150,1,199,9,196,0,117,10,0,0,0,0,0.026709402,0.360213856,0.197467233
SA055,0,0,150,1,-4,5.5,196,0,-10,0,0,0,0,0,0,0.43083092,0.202720229
SA057,0,0,153,1,104,7.5,195,0,61,11.5,2,15,1,0.95,1.282051282,0.613722433,0.175965241
SA058,0,0,153,1,48,4.5,195,0,19,9,5,20,0.85,1,1.201923077,0.582535086,0.177181274
SA059,0,0,154,0,48,10,192,1,54,1.5,4,21,0.80952381,1,1.549145299,0.578302517,0.178266938
SA060,0,0,154,0,112,12.5,192,1,-2,0,3,10,0.9,0.65,1.575854701,0.532635331,0.17944476
SA061,0,0,154,1,89,13,192,0,-8,0,2,2,0.5,0.1,0.400641026,0.475829806,0.180878826
SA062,0,0,154,1,59,10,192,0,36,0,1,2,0,0.05,0.721153846,0.398975273,0.183562641
SA063,0,0,150,0,134,5,196,1,123,10,0,0,0,0,0,0.351080419,0.186687016
SA064,0,0,150,0,32,6.5,196,1,30,5,2,4,0.5,0.25,3.231837607,0.349521051,0.190636316
SA065,0,0,150,1,176,7,196,0,105,12,1,1,0,0.15,0.667735043,0.338382713,0.195639811
SA066,0,0,150,1,16,5.5,196,0,4,0,0,0,0,0,0,0.383827133,0.200962487
SA068,0,0,153,1,123,8,195,0,76,12,4,22,0.863636364,1,1.495726496,0.579193584,0.173542164
SA069,0,0,153,1,30,7.5,195,0,5,7.5,1,29,1,0.95,1.25534188,0.584094453,0.174200756
SA070,0,0,154,0,34,9,192,1,72,1.5,3,19,0.947368421,1,1.335470085,0.584094453,0.175749457
SA071,0,0,154,0,10,9,192,1,91,3,6,21,0.80952381,0.9,1.335470085,0.573178882,0.177459996
SA072,0,0,154,1,20,9,192,0,64,1.5,7,19,0.631578947,0.95,0.267094017,0.5382045,0.179184021
SA073,0,0,154,1,39,9,192,0,50,1.5,4,7,0,0.8,1.495726496,0.485408777,0.182013941
SA074,0,0,150,0,116,6.5,196,1,104,12,1,1,0,0.15,1.25534188,0.43907329,0.185118086
SA075,0,0,150,0,50,5,196,1,47,9,0,0,0,0,0,0.409668078,0.189155048
SA076,0,0,150,1,152,5.5,196,0,90,12,6,20,0.8,0.95,0.77457265,0.359991089,0.193623578
SA077,0,0,150,1,38,5,196,0,19,0,0,0,0,0,0,0.355535754,0.198516933
SA079,0,0,153,1,142,8.5,195,0,91,13,1,1,0,0.1,0.106837607,0.494096681,0.170046911
SA080,0,0,153,1,11,7,195,0,-10,7.5,3,19,0.842105263,0.8,1.201923077,0.546001337,0.171415791
SA081,0,0,153,0,175,8,195,1,161,14,6,12,0.75,1,1.228632479,0.583871686,0.173627579
SA082,0,0,153,0,160,8,195,1,144,13.5,4,20,0.85,0.8,2.270299145,0.609935398,0.175857349
SA083,0,0,153,0,144,8.5,195,1,126,12.5,5,22,0.318181818,0.95,0.854700855,0.596792159,0.178529925
SA084,0,0,153,0,125,8,195,1,108,12.5,6,20,0.15,1,1.575854701,0.561372243,0.181697008
SA085,0,0,153,0,109,7.5,195,1,88,13,0,0,0,0.05,1.709401709,0.518601025,0.184702252
SA086,0,0,150,0,72,5.5,196,1,64,9,0,0,0,0,0.240384615,0.476498106,0.188064888
SA087,0,0,150,1,130,5,196,0,76,10,6,12,0.75,0.85,2.02991453,0.423034083,0.191679273
SA088,0,0,150,1,64,5.5,196,0,33,5,6,12,0.25,1,3.178418803,0.382936066,0.196676025
SA091,0,0,153,1,161,8,195,0,106,13,0,0,0,0,0.16025641,0.401202941,0.167655303
SA092,0,0,153,1,179,9,195,0,120,12.5,0,0,0,0,0,0.457117398,0.169390567
SA093,0,0,153,0,2,7,195,1,0,7.5,4,24,0.666666667,0.95,1.228632479,0.524170194,0.171759697
SA094,0,0,153,0,23,7.5,195,1,17,9,4,22,0.681818182,1,0.293803419,0.583871686,0.174434522
SA095,0,0,153,0,49,4.5,195,1,34,12,5,17,0.705882353,0.9,0.641025641,0.626865672,0.1778556
SA096,0,0,153,0,66,7.5,195,1,53,11.5,5,21,0.380952381,0.85,1.442307692,0.623078637,0.181018187
SA097,0,0,153,0,85,7.5,195,1,70,12,7,13,0.692307692,0.8,1.789529915,0.587881488,0.183854849
SA098,0,0,150,0,87,6,196,1,80,10,2,7,0,0.45,0.400641026,0.535531299,0.186664539
SA099,0,0,150,1,108,6.5,196,0,61,9,6,17,0.294117647,1,2.270299145,0.496992649,0.190580122
SA100,0,0,150,1,85,6,196,0,47,9,1,3,0,0.15,0.427350427,0.456671865,0.195358842
SA106,0,0,161,1,101,7,198,0,82,13,5,21,0.380952381,1,2.110042735,0.537981733,0.174032174
SA107,0,0,161,1,78,8,198,0,67,13,7,18,0.722222222,1,0.080128205,0.604588995,0.177268937
SA108,0,0,161,1,61,8,198,0,51,16,2,11,1,0.9,4.246794872,0.637781243,0.180011194
SA109,0,0,161,1,42,6.5,198,0,36,14,4,8,1,0.85,4.05982906,0.621742036,0.182926528
SA110,0,1,161,0,80,8,198,1,69,13,4,13,0.307692308,0.95,2.697649573,0.587213188,0.185954249
SA111,0,0,161,0,59,6.5,198,1,47,16,4,6,0,0.9,1.175213675,0.555134774,0.189768684
SA112,0,0,161,0,36,7,198,1,30,14,1,2,0,0.1,0.454059829,0.513031856,0.193989962
SA114,0,0,161,1,122,7,198,0,98,16.5,4,12,0,0.8,2.163461538,0.56226331,0.176659796
SA115,0,0,161,1,2,6,198,0,6,14,6,12,0.583333333,1,0.534188034,0.630652707,0.179709995
SA116,0,0,161,1,21,7,198,0,21,14,2,18,1,0.85,2.884615385,0.632212074,0.183059145
SA117,0,1,161,0,107,7,198,1,88,16.5,4,12,0.333333333,0.95,0.93482906,0.628647806,0.185432771
SA118,0,0,161,0,117,7,198,1,106,14,5,25,0.88,1,1.308760684,0.606816663,0.188894308
SA119,0,0,161,0,13,6,198,1,12,14,3,4,0,0.75,0.293803419,0.568055246,0.192465986
SA124,0,0,155,0,165,6.5,191,1,137,11,3,3,0.333333333,0.7,1.655982906,0.497215415,0.174823383
SA125,1,0,155,0,140,2.5,191,1,120,10,6,15,0.133333333,0.95,1.070663812,0.580530185,0.177947758
SA126,0,0,155,0,119,8,191,1,102,11.5,4,22,0.909090909,1,0.93482906,0.632657607,0.181593611
SA127,0,1,155,0,99,9,191,1,83,12,3,23,0.826086957,0.75,2.270299145,0.660948986,0.18428417
SA128,0,0,155,0,84,9,191,1,64,10,5,11,0.090909091,0.4,2.457264957,0.655602584,0.187408545
SA129,0,0,162,1,6,3,199,0,-8,11,7,27,0.814814815,1,0.16025641,0.622633103,0.190685767
SA130,0,0,162,1,123,8.5,199,0,79,12.5,9,21,0.476190476,0.7,3.098290598,0.591445756,0.194034917
SA131,1,0,162,0,120,7,199,1,124,12,4,10,0.8,0.75,1.736111111,0.549788372,0.197402049
SA135,0,0,155,0,180,NA,191,1,154,11,0,0,0,0,0,0.41568278,0.174081625
SA136,0,0,155,0,-4,2.5,191,1,-12,9,8,18,0.5,0.95,0.667735043,0.497660949,0.176871085
SA137,0,0,155,0,16,4,191,1,7,10.5,6,15,0,1,0.133547009,0.580752952,0.18008537
SA138,0,0,155,0,48,6,191,1,26,11.5,8,20,0.45,0.9,0.641025641,0.646023613,0.182447757
SA139,0,0,155,0,66,7.5,191,1,46,11,6,23,0.826086957,0.95,0.694444444,0.681889062,0.185356347
SA140,1,1,162,1,43,6,199,0,9,11,4,15,0.666666667,0.6,6.116452991,0.673869459,0.18855265
SA141,0,1,162,1,101,7,199,0,57,11,4,9,0.666666667,0.65,4.300213675,0.650478949,0.191715237
SA142,0,1,162,0,105,7,199,1,107,12,7,21,0.238095238,0.95,0.480769231,0.623301403,0.195145306
SA143,0,0,162,0,8,3,199,1,12,11,3,14,0,0.7,5.582264957,0.544441969,0.198078622
SA144,0,0,162,0,28,4.5,199,1,31,10,5,16,0,0.85,1.629273504,0.45355313,0.201191758
SA146,0,0,155,1,130,6.5,191,0,86,12,0,0,0,0,0.507478632,0.320115839,0.173501705
SA147,0,0,155,1,109,8,191,0,74,12,0,0,0,0,0,0.419915349,0.175758448
SA148,0,0,155,1,89,9,191,0,60,10,8,16,0.1875,0.95,2.617521368,0.504789485,0.17859511
SA149,0,0,155,1,71,7.5,191,0,45,11,5,28,0.678571429,0.95,0.507478632,0.585876587,0.181096858
SA150,0,0,155,1,52,6,191,0,29,11.5,1,6,0,0.05,2.003205128,0.654934284,0.183890813
SA151,0,0,162,1,64,6.5,199,0,25,10,10,23,0.260869565,0.95,1.09508547,0.707730007,0.186228475
SA152,0,0,162,1,83,7,199,0,40,10,8,24,0.5,1,2.003205128,0.698819336,0.189521431
SA153,0,0,162,0,85,7,199,1,87,15,10,25,0.16,1,1.896367521,0.648696814,0.192492959
SA154,0,0,162,0,66,6.5,199,1,70,12.5,6,20,0.3,0.85,3.338675214,0.555357541,0.195538662
SA155,0,0,162,0,46,6,199,1,50,11,5,19,0.894736842,1,3.044871795,0.469146803,0.198521429
SA157,0,0,155,1,151,2.5,191,0,100,11.5,0,0,0,0,0,0.251726442,0.172362095
SA158,0,0,155,1,174,6.5,191,0,123,10,0,0,0,0,0.961538462,0.332813544,0.175263942
SA159,0,0,155,1,-6,2.5,191,0,-17,9,4,32,0.25,0.9,2.938034188,0.422811317,0.177633073
SA160,0,0,155,1,13,4,191,0,-1,10.5,5,25,0.48,0.95,1.709401709,0.506348853,0.179622333
SA161,0,0,155,1,33,6,191,0,14,11.5,7,22,0.409090909,0.8,1.736111111,0.584762753,0.181611593
TH001,0,0,176,0,75,3,203,1,81,7,4,22,0.045454545,1,1.148504274,0.356014047,0.275202219
TH002,0,0,166,1,78,5.5,209,0,39,7,0,0,0,0,0.747863248,0.287093942,0.274259577
TH003,0,0,176,0,60,2.5,203,1,62,6.5,0,0,0,0,0.026709402,0.353160667,0.278030147
TH004,0,0,176,0,89,1.5,203,1,97,6.5,3,4,0.25,0.15,2.19017094,0.411106234,0.28090745
TH005,0,0,166,1,48,6.5,209,0,56,7,2,2,0,0.2,1.041666667,0.329675154,0.279875033
TH006,0,0,176,0,42,0,203,1,45,6.5,3,5,0.2,0.45,1.816239316,0.415935031,0.284029392
TH007,0,0,176,0,105,0,203,1,114,6.5,5,11,0,0.75,1.789529915,0.481343284,0.286684502
TH008,0,0,166,1,30,4,209,0,21,6.5,0,0,0,0.1,0.667735043,0.386523266,0.285140364
TH009,0,0,176,0,26,0,203,1,27,6,4,10,0.1,0.85,2.483974359,0.476294996,0.288751582
TH010,0,0,176,0,120,0,203,1,131,5.5,2,3,0,0.55,4.460470085,0.51975417,0.291972277
TH011,0,0,166,1,125,2.5,209,0,70,7.5,5,12,0.75,0.95,1.228632479,0.462906058,0.289792978
TH012,0,0,176,0,10,3.5,203,1,9,5,5,17,0,0.9,1.362179487,0.525899912,0.293024895
TH013,0,0,176,0,134,5,203,1,152,6,8,9,0.444444444,0.9,2.884615385,0.571115013,0.296348832
TH014,0,0,166,1,5,1.5,209,0,-4,6,2,3,0.333333333,0.35,1.575854701,0.496268657,0.289474275
TH015,0,0,166,1,145,5.5,209,0,85,8.5,2,4,0,1,0.908119658,0.544556629,0.293437862
TH016,0,0,176,0,161,7.5,203,1,185,7,5,9,0.333333333,0.85,0.854700855,0.600746269,0.296214168
TH017,0,0,176,0,148,7.5,203,1,168,5.5,3,7,0.857142857,0.75,2.991452991,0.619841967,0.298997208
TH018,0,0,170,1,166,5,202,0,102,11,4,10,0.7,0.95,2.243589744,0.40166813,0.288765049
TH019,0,0,170,1,186,5.5,202,0,117,11,0,0,0,0,0.133547009,0.459174715,0.288677518
TH020,0,0,170,1,204,7.5,202,0,144,9,0,0,0,0.15,0.267094017,0.537752414,0.290001706
TH021,0,0,170,1,11,2.5,202,0,-4,6.5,6,10,0,0.95,1.415598291,0.58713784,0.292405444
TH022,0,0,170,1,33,0,202,0,13,8,6,13,0.384615385,0.85,2.457264957,0.619622476,0.296110927
TH023,0,0,176,1,14,3.5,203,0,122,6.5,5,15,0.133333333,0.95,2.083333333,0.656277436,0.298770525
TH024,0,0,176,1,203,6,203,0,139,5.5,6,14,0.357142857,1,2.110042735,0.675373134,0.301524388
TH025,0,0,176,1,181,8,203,0,-10,4,6,11,0.454545455,0.95,2.163461538,0.693371378,0.304702439
TH026,0,0,176,1,159,7.5,203,0,15,5,6,9,0.222222222,0.85,1.442307692,0.667910448,0.30788498
TH027,0,0,176,1,134,5,203,0,32,6,3,5,0.8,0.7,5.395299145,0.635864794,0.3114356
TH028,0,0,168,0,5,0,209,1,-7,6,1,1,0,0,0.908119658,0.204784899,0.32292686
TH029,0,0,170,1,145,1.5,202,0,87,11,6,17,0.058823529,1,3.28525641,0.474319579,0.29219896
TH030,0,0,170,1,125,1.5,202,0,73,8.5,7,13,0.307692308,1,1.923076923,0.558823529,0.292223649
TH031,0,0,170,1,101,0,202,0,57,9.5,6,11,0.454545455,0.85,3.338675214,0.617427568,0.293399707
TH032,0,0,170,1,82,2.5,202,0,42,8,5,14,0.071428571,1,3.178418803,0.654960492,0.296050328
TH033,0,0,170,1,57,1.5,202,0,27,8,4,11,0.636363636,1,2.911324786,0.66000878,0.298579752
TH034,0,0,176,1,32,0,203,0,107,6.5,4,21,0.666666667,1,1.201923077,0.661984197,0.300660299
TH035,0,0,176,1,52,2.5,203,0,93,6.5,5,16,0.1875,0.85,1.335470085,0.691834943,0.303452316
TH036,1,1,176,1,71,3,203,0,78,7,3,6,0.5,0.55,2.19017094,0.706101844,0.306782986
TH037,0,0,176,1,89,1.5,203,0,64,6.5,7,13,0.307692308,1,1.148504274,0.690517998,0.310490713
TH038,0,0,176,1,111,0,203,0,48,6.5,1,3,1,0.95,3.766025641,0.642888499,0.313437593
TH039,0,0,168,0,25,0,209,1,29,6.5,1,1,0,0,2.430555556,0.316725198,0.321871998
TH040,0,0,168,0,181,0,209,1,10,6.5,0,0,0,0,0.16025641,0.282045654,0.324028854
TH041,0,0,170,0,178,5,202,1,204,14.5,4,15,0.533333333,1,3.552350427,0.641352063,0.295879755
TH042,0,0,183,0,71,7.5,211,1,112,6.5,4,13,0.230769231,0.95,3.846153846,0.66000878,0.297374516
TH043,0,0,183,0,56,6,211,1,94,7,4,18,0.777777778,1,2.323717949,0.630377524,0.298819901
TH044,0,0,183,0,41,6,211,1,76,6.5,6,18,0.333333333,0.95,2.056623932,0.624231782,0.30063561
TH045,0,0,183,0,26,6.5,211,1,60,6.5,4,16,0.6875,1,1.228632479,0.660447761,0.302779
TH046,0,0,167,0,16,4,205,1,16,5,5,13,0.538461538,0.95,1.362179487,0.694907814,0.305427376
TH047,0,0,167,0,35,4.5,205,1,34,5,4,15,0.733333333,0.95,1.308760684,0.70785777,0.308598695
TH048,0,0,167,0,50,4.5,205,1,53,5.5,4,16,0.6875,0.95,1.121794872,0.700175593,0.312194202
TH049,0,0,167,0,68,4.5,205,1,71,5.5,4,13,0.307692308,0.95,1.148504274,0.647058824,0.315197192
TH050,0,0,168,0,162,0,209,1,48,7,4,8,0.625,0.9,3.338675214,0.364354697,0.321553295
TH051,0,0,168,0,143,0,209,1,154,9,3,4,0.25,0.05,1.388888889,0.329894644,0.324340824
TH052,0,0,170,0,7,2.5,202,1,13,8,4,10,0.4,0.95,1.415598291,0.652765584,0.299468529
TH053,0,0,183,0,87,5,211,1,6,2.5,6,14,0.285714286,0.85,1.469017094,0.640254609,0.300334863
TH054,0,0,183,0,-8,5,211,1,23,5.5,2,19,0.894736842,0.95,1.549145299,0.622256365,0.300956558
TH055,0,0,183,0,8,4,211,1,41,6,6,17,0.117647059,0.95,2.297008547,0.632572432,0.303138102
TH056,0,0,167,0,144,4.5,205,1,149,8.5,5,15,0.533333333,0.95,0.854700855,0.698200176,0.310816149
TH057,0,0,167,0,125,4.5,205,1,129,8.5,3,20,1,0.85,1.175213675,0.694468832,0.313697941
TH058,0,0,167,0,106,2.5,205,1,110,6.5,6,16,0.0625,1,0.721153846,0.658691835,0.315358788
TH059,0,0,167,0,86,5,205,1,92,6,3,7,0.285714286,0.85,0.881410256,0.640035119,0.316994946
TH060,0,0,168,0,93,3,209,1,97,8.5,5,18,0.055555556,1,1.201923077,0.621378402,0.31846053
TH061,0,0,168,0,74,0,209,1,80,8.5,1,1,1,0.25,2.751068376,0.575065847,0.319279731
TH062,0,1,168,0,113,1.5,209,1,124,10.5,4,14,0.214285714,0.95,3.205128205,0.46334504,0.320862024
TH063,0,0,170,0,26,0,202,1,32,8,2,38,0,0.85,1.736111111,0.642449517,0.302334611
TH064,0,0,167,1,18,4,205,0,10,5,5,18,0.444444444,0.95,0.507478632,0.675373134,0.312232357
TH065,0,0,167,1,153,5,205,0,126,8.5,4,23,0.347826087,0.9,1.068376068,0.675812116,0.313767517
TH066,0,0,167,1,136,4.5,205,0,112,6.5,5,7,0.571428571,0.95,1.068376068,0.665935031,0.315762777
TH067,0,0,167,1,118,2.5,205,0,99,6,6,18,0.555555556,0.95,0.854700855,0.667251975,0.317722127
TH068,0,0,170,0,105,3,202,1,128,9,4,9,0.333333333,1,2.831196581,0.611501317,0.305748323
TH069,0,0,170,0,121,3,202,1,148,11.5,2,2,0.5,0.6,4.353632479,0.656496927,0.305954807
TH070,0,0,170,0,142,1.5,202,1,170,10,6,12,0.25,1,2.056623932,0.656496927,0.305043586
TH071,0,0,170,0,156,1.5,202,1,50,9.5,3,8,0,0.95,2.510683761,0.644424934,0.304525133
TH072,0,0,167,1,36,4.5,205,0,27,5,5,15,0.266666667,0.7,0.721153846,0.640913082,0.313747318
TH073,0,0,167,1,55,4.5,205,0,45,5.5,5,11,0.272727273,1,1.709401709,0.674934153,0.315201681
TH074,0,0,167,1,74,4.5,205,0,63,5.5,4,11,0.909090909,0.95,3.952991453,0.678665496,0.317098187
TH075,0,0,167,1,95,5,205,0,81,5.5,6,22,0.590909091,0.9,3.445512821,0.674495171,0.319093447
TH076,0,0,170,0,89,0,202,1,106,11,4,10,0.8,0.7,2.403846154,0.658033363,0.307887224
TH077,0,0,170,0,74,2.5,202,1,86,11,4,14,0.714285714,0.9,4.033119658,0.679104478,0.307698696
TH078,0,1,170,0,53,1.5,202,1,67,8.5,3,14,0.357142857,1,2.724358974,0.633669886,0.30716902
TH079,0,0,168,1,62,0,211,0,35,5.5,5,13,0.076923077,0.85,4.006410256,0.655618964,0.316519136
TH080,0,0,168,1,80,0,211,0,50,6,5,11,0.090909091,0.95,2.751068376,0.695346795,0.317917389
TH081,0,0,168,1,100,3,211,0,67,6.5,6,20,0.5,0.95,1.86965812,0.673617208,0.319825117
TH082,0,0,168,1,43,0,211,0,19,5.5,7,16,0.5,1,1.655982906,0.622036874,0.317809658
TH083,1,0,168,1,137,0,211,0,96,7,6,18,0.5,0.95,3.392094017,0.655179982,0.319091203
TH084,0,0,168,1,119,1.5,211,0,81,7,4,13,0,0.85,2.35042735,0.647278314,0.320265017
TH085,0,0,168,1,24,0,211,0,5,2.5,4,18,0.5,1,1.415598291,0.593503073,0.319277487
TH086,0,0,168,1,157,0,211,0,110,6.5,4,22,0.636363636,0.95,1.09508547,0.628621598,0.320446813
TH087,0,0,168,1,4,0,211,0,-10,4,4,13,0.538461538,0.9,0.908119658,0.563432836,0.321248059
TH088,0,0,168,1,177,0,211,0,124,NA,3,14,0.571428571,0.95,0.480769231,0.569798068,0.321353545
WH001,0,0,175,0,3,9.5,216,1,-1,5,0,0,0,0,0,0.448652261,0.253150786
WH002,0,0,175,0,14,9.5,216,1,16,4,0,0,0,0,0,0.460904433,0.24994774
WH005,0,0,175,0,45,9,216,1,56,5.5,4,15,0,1,0.587606838,0.466473602,0.245076862
WH006,0,0,175,0,29,8.5,216,1,36,5,1,1,0,0,0,0.483403876,0.246762676
WH007,0,0,175,1,196,12.5,216,0,112,9,0,0,0,0,0.080128205,0.454666964,0.23827067
WH008,0,0,175,1,179,14,216,0,100,7,0,0,0,0,0.400641026,0.486077077,0.239273167
WH009,0,0,175,1,162,14,216,0,84,7.5,0,0,0,0,0,0.511026955,0.239922767
WH010,0,0,175,0,61,8,216,1,79,7.5,4,17,0,0.9,0.400641026,0.505235019,0.240615075
WH011,0,0,175,1,118,13,216,0,55,5.5,1,17,0,0.85,0,0.541546001,0.236209481
WH012,0,0,175,1,136,16.5,216,0,70,5.5,0,0,0,0,0,0.571396748,0.237821119
WH013,0,0,175,0,101,13,216,1,116,9,2,3,0,0.1,0.641025641,0.591000223,0.238511179
WH014,0,0,175,0,78,8,216,1,99,7,1,1,1,0,2.670940171,0.59122299,0.23896073
WH015,0,0,175,1,28,8.5,216,0,-14,5.5,3,6,0,0,0.275313552,0.41635108,0.232986206
WH016,0,0,175,1,49,9,216,0,4,5,0,0,0,0.1,0.560897436,0.4604589,0.232936755
WH017,0,0,175,1,73,8,216,0,22,4,1,3,0,0.05,0.373931624,0.522833593,0.233055886
WH018,0,0,175,1,93,9.5,216,0,40,5,0,0,0,0,0,0.587435955,0.234815875
WH019,0,0,175,0,124,16.5,216,1,136,9,7,18,0.555555556,0.8,2.483974359,0.63109824,0.236573617
WH020,0,0,175,0,138,16.5,216,1,152,11,3,22,0.909090909,1,2.163461538,0.656716418,0.237243447
WH021,0,0,175,0,153,16,216,1,169,11,4,15,0.733333333,1,1.789529915,0.639786144,0.23809085
WH022,0,0,152,1,126,6.5,188,0,55,6.5,2,14,0,0.9,3.445512821,0.514145689,0.232586106
WH023,0,0,152,1,152,6,188,0,40,6.5,0,0,0,0.75,1.549145299,0.559144576,0.232134308
WH024,0,0,152,1,173,6,188,0,25,5.5,1,3,0,0.6,2.911324786,0.611940299,0.232233209
WH025,0,0,152,1,192,5.5,188,0,11,4.5,7,14,0.285714286,0.75,0.93482906,0.666295389,0.233276166
WH026,0,0,152,1,213,5,188,0,-3,4.5,4,26,0.961538462,0.85,1.09508547,0.70060147,0.234806884
WH027,0,0,152,1,230,6,188,0,-17,5,3,11,0.909090909,1,1.762820513,0.690799733,0.236384806
WH028,0,0,175,0,170,14,216,1,197,8.5,4,11,0.545454545,0.75,2.377136752,0.674314992,0.237337853
WH029,0,0,152,1,108,7,188,0,69,6.5,1,2,1,0.05,6.704059829,0.616841167,0.232179263
WH030,0,0,152,1,89,7.5,188,0,84,7.5,4,16,0.9375,0.9,3.018162393,0.64557808,0.231417275
WH031,0,0,152,1,70,7.5,188,0,99,8.5,8,17,0.235294118,0.85,2.243589744,0.681889062,0.231734208
WH032,0,0,152,1,51,6.5,188,0,114,8.5,3,12,0,0.9,3.418803419,0.70884384,0.23189155
WH033,0,0,152,1,28,7,188,0,128,8,4,12,0.083333333,1,0.373931624,0.713521943,0.232954737
WH034,0,0,152,1,-1,6.5,188,0,143,7.5,4,16,0,0.85,3.205128205,0.705947873,0.234316875
WH035,0,0,152,0,235,6,188,1,193,8,1,1,0,0.05,2.003205128,0.695700601,0.235265426
WH036,0,0,142,0,117,7.5,189,1,80,14,4,25,0.92,0.85,1.923076923,0.557807975,0.232786156
WH037,0,0,142,0,148,6,189,1,99,15,8,19,0.263157895,0.95,1.736111111,0.6159501,0.233408783
WH038,0,0,142,0,167,7,189,1,115,16,6,21,0.619047619,0.8,0.961538462,0.670082424,0.233226715
WH039,1,0,142,0,192,3,189,1,133,16,5,17,0.764705882,1,1.362179487,0.689463132,0.232046645
WH040,0,0,142,0,212,6,189,1,152,16,4,18,0.888888889,0.8,1.201923077,0.700155937,0.231161031
WH041,1,0,142,1,160,7,189,0,75,14,5,11,0.272727273,0.95,1.816239316,0.720873246,0.231255437
WH042,0,0,142,1,142,6,189,0,59,11.5,6,22,0.727272727,1,1.148504274,0.72265538,0.231053139
WH043,0,0,142,1,121,7.5,189,0,43,9.5,5,34,0.029411765,0.95,3.28525641,0.722432613,0.232134308
WH044,0,0,142,1,94,9,189,0,18,8,6,15,0.466666667,0.95,1.388888889,0.715972377,0.232860331
WH045,0,0,142,1,67,8,189,0,4,6.5,4,11,0.909090909,0.9,2.083333333,0.712630875,0.233420022
WH046,0,0,144,1,146,11.5,185,0,101,7.5,4,13,0,1,2.243589744,0.688794832,0.233028913
WH047,0,0,144,1,125,12,185,0,87,5.5,2,5,0.2,0.45,0.721153846,0.643795946,0.233716725
WH048,0,0,144,1,104,13,185,0,72,5,3,14,0,0.95,2.323717949,0.597683226,0.234703488
WH049,0,0,142,0,99,7,189,1,61,11.5,8,16,0.375,0.95,0.400641026,0.663176654,0.231068873
WH050,0,0,142,0,48,7,189,1,41,9.5,9,21,0.523809524,0.85,3.472222222,0.71641791,0.231426266
WH051,0,0,142,0,26,5.5,189,1,24,8,5,26,0.115384615,0.9,5.181623932,0.734016485,0.231648793
WH052,0,0,142,0,8,6,189,1,6,6.5,3,7,0.714285714,0.9,2.35042735,0.732457117,0.23055189
WH053,0,0,142,0,229,8,189,1,169,15.5,3,15,0.933333333,1,3.178418803,0.736466919,0.229985457
WH054,1,1,142,1,181,3,189,0,89,14,4,6,0.333333333,0.95,0.77457265,0.736021386,0.230167525
WH055,0,0,142,1,207,6,189,0,103,15,4,15,0.8,0.95,3.098290598,0.733348184,0.229904538
WH056,0,0,142,1,228,8,189,0,117,16,4,16,0.25,1,0.764759865,0.729115616,0.230504688
WH057,0,0,142,1,3,6,189,0,133,16,3,19,0.894736842,0.95,1.655982906,0.717531744,0.230994698
WH058,0,0,142,1,33,5.5,189,0,-11,7,4,15,0.066666667,0.85,2.590811966,0.721541546,0.231181261
WH059,0,0,144,1,168,10.5,185,0,115,7.5,5,14,0.714285714,0.85,2.02991453,0.729783916,0.231185756
WH060,0,0,144,1,-7,14,185,0,-9,2.5,6,11,0.454545455,1,2.216880342,0.705279572,0.232141051
WH061,0,0,144,1,26,14.5,185,0,8,2.5,4,9,0,0.9,0.961538462,0.683448429,0.232579362
WH062,0,0,144,1,48,14.5,185,0,23,0,8,18,0.388888889,0.95,2.510683761,0.612385832,0.232372569
WH063,0,0,144,1,70,12.5,185,0,38,4.5,6,15,0.533333333,1,2.003205128,0.556694141,0.232269173
WH064,0,0,177,0,138,9,215,1,113,0,0,0,0,0,0,0.286255291,0.228506436
WH065,0,0,177,0,88,9,215,1,92,0,6,14,0.214285714,0.65,0.454059829,0.383158833,0.229392051
WH066,0,0,177,0,72,8.5,215,1,75,2.5,4,23,0.739130435,0.85,0.641025641,0.498774783,0.229176266
WH067,0,0,177,0,58,8.5,215,1,56,0,6,22,0.818181818,0.95,1.175213675,0.6159501,0.228265927
WH068,0,0,177,0,42,8.5,215,1,37,0,5,19,0.684210526,0.9,0.480769231,0.690131432,0.228830113
WH069,0,0,177,0,8,6,215,1,2,0,4,17,0.411764706,0.8,0.694444444,0.729783916,0.229549393
WH070,0,0,177,1,8,6,215,0,-13,1.5,6,20,0.35,0.85,0.93482906,0.741367788,0.230097845
WH071,0,0,177,1,166,10.5,215,0,108,0,7,28,0.357142857,0.95,0.587606838,0.73847182,0.230365327
WH072,0,0,152,0,59,6.5,188,1,35,6.5,4,11,0.727272727,0.9,2.510683761,0.736021386,0.229603339
WH073,1,0,152,0,37,7,188,1,16,5.5,7,15,0.333333333,1,1.068376068,0.72198708,0.228737955
WH074,0,0,152,0,14,8,188,1,-3,4.5,2,24,0,0.95,5.048076923,0.718422811,0.228447995
WH075,0,0,152,0,211,5,188,1,151,7.5,5,10,0.3,0.95,2.056623932,0.726665182,0.228286157
WH076,0,0,151,0,111,5,179,1,111,7.5,3,14,1,0.95,1.629273504,0.724883047,0.22800294
WH077,0,0,151,0,5,5,179,1,10,6.5,3,24,0.208333333,0.9,1.362179487,0.728670082,0.228236706
WH078,0,0,151,1,110,5,193,0,56,6.5,5,10,0.1,0.9,2.537393162,0.724437514,0.227951242
WH079,0,0,151,1,1,5,193,0,-19,7.5,5,18,0.166666667,0.95,3.258547009,0.728224549,0.22871323
WH080,0,0,144,0,157,10.5,185,1,4,2.5,7,14,0.428571429,0.95,1.816239316,0.727779015,0.229801141
WH081,0,0,144,0,12,14.5,185,1,23,0,4,11,0,0.75,0.881410256,0.712853642,0.230560881
WH082,0,0,144,0,48,14.5,185,1,46,4.5,4,14,0,0.9,2.911324786,0.662508354,0.230846346
WH083,0,0,144,0,66,12.5,185,1,64,5,3,24,0.041666667,1,2.216880342,0.587435955,0.230156286
WH084,0,0,177,0,26,7,215,1,19,0,4,26,0.692307692,1,2.243589744,0.728670082,0.227524169
WH085,0,0,177,1,50,8.5,215,0,15,0,6,17,0.647058824,0.95,2.804487179,0.714190243,0.228364828
WH086,0,0,177,1,26,7,215,0,1,0,1,1,0,0,0.133547009,0.697928269,0.229257186
WH087,0,0,177,1,149,9.5,215,0,92,0,6,21,0.238095238,0.95,1.949786325,0.697259969,0.2290931
WH088,0,0,152,0,90,7.5,188,1,55,6.5,6,21,0.523809524,0.95,0.458855919,0.694141234,0.228560382
WH089,0,0,152,0,156,6,188,1,114,8.5,4,13,0.692307692,1,1.121794872,0.679661395,0.227978215
WH090,0,0,152,0,174,6,188,1,133,8,3,23,0.913043478,0.75,1.068376068,0.68545333,0.227881561
WH091,0,0,152,0,192,5.5,188,1,151,7.5,3,25,0.92,0.95,1.282051282,0.697259969,0.227564628
WH092,0,1,151,0,96,6,179,1,93,8,2,7,0,0.75,3.392094017,0.706616173,0.226546397
WH093,1,0,151,0,26,5,179,1,29,6.5,5,13,0,0.95,3.098290598,0.728001782,0.225955238
WH094,0,0,151,1,86,6,193,0,41,6.5,4,11,0.727272727,0.85,2.617521368,0.736466919,0.225337107
WH095,0,0,151,1,23,5,193,0,-4,6,3,11,0.363636364,0.9,3.071581197,0.732234351,0.22592377
WH096,0,0,144,0,141,11.5,185,1,128,7.5,7,17,0.588235294,1,2.003205128,0.717531744,0.227438754
WH097,1,0,144,0,94,13,185,1,88,5.5,4,13,0.692307692,0.75,3.418803419,0.689685899,0.228216476
WH098,0,0,177,1,74,8.5,215,0,32,0,4,18,0.833333333,1,3.311965812,0.694364001,0.226881312
WH099,0,0,177,1,93,9,215,0,48,0,7,22,0.318181818,0.9,2.670940171,0.643573179,0.227020673
WH100,0,0,177,1,111,9.5,215,0,63,0,6,21,0.095238095,0.9,1.896367521,0.621073736,0.228068125
WH101,0,0,177,1,131,9,215,0,77,2.5,11,24,0.291666667,0.95,3.766025641,0.59255959,0.22809285
WH102,0,0,152,0,109,7,188,1,73,6.5,0,0,0,0,0.881410256,0.585208287,0.228036656
WH103,0,0,152,0,131,6.5,188,1,93,7.5,6,16,0.5625,1,1.709401709,0.589886389,0.228007436
WH104,0,0,151,0,77,5.5,179,1,69,7,10,31,0.096774194,0.95,2.403846154,0.649587881,0.226180013
WH105,1,0,151,0,58,4,179,1,49,7.5,5,15,0.533333333,0.9,2.323717949,0.682111829,0.225285408
WH106,0,0,151,1,67,5.5,193,0,26,5,6,22,0.409090909,1,2.617521368,0.704388505,0.224049145
WH107,0,0,151,1,45,4,193,0,12,5,5,12,0.25,0.75,1.949786325,0.69926487,0.22411433
WH108,0,0,144,0,117,12,185,1,110,7.5,5,17,0.411764706,0.95,2.590811966,0.671419024,0.22530339
WH109,0,0,148,1,44,11,186,0,-9,8.5,0,0,0,0,0,0.552684339,0.224948246
WH110,0,0,148,1,66,11,186,0,6,9.5,7,22,0.636363636,0.85,2.270299145,0.519937625,0.225204489
WH111,0,0,148,1,94,9.5,186,0,28,10.5,5,18,0.388888889,1,2.136752137,0.472933838,0.225418026
WH112,0,0,148,1,116,8,186,0,45,9.5,1,1,0,0.25,0.988247863,0.458676765,0.22628341
WH113,0,0,148,1,140,7.5,186,0,61,8.5,9,16,0.4375,0.9,2.777777778,0.475607039,0.226416027
WH114,0,0,148,0,159,6,186,1,92,9.5,8,12,0.333333333,0.95,2.991452991,0.546224103,0.224858335
WH115,0,0,148,0,142,7.5,186,1,74,8.5,6,17,0.411764706,1,1.041666667,0.578079751,0.223716478
WH116,0,0,148,0,119,9,186,1,56,8.5,9,16,0.25,0.95,2.644230769,0.602806861,0.222612832
WH117,0,0,148,0,89,9.5,186,1,38,9.5,3,7,0.714285714,0.95,1.682692308,0.590109156,0.222466728
WH118,0,0,148,1,25,10,186,0,109,8.5,0,0,0,0,0,0.445087993,0.221891303
WH119,0,0,148,1,195,4,186,0,95,9.5,8,27,0,0.85,3.926282051,0.397861439,0.221992452
WH120,0,0,148,1,178,6,186,0,81,9.5,2,2,0,0.1,0.026709402,0.343951882,0.222095849
WH121,0,0,148,0,184,4,186,1,109,8.5,0,0,0,0,0,0.420806416,0.22190479
WH122,0,0,148,0,29,10,186,1,-7,8.5,4,9,0.888888889,0.95,4.407051282,0.445756293,0.220594351
WH123,0,0,148,0,69,11,186,1,15,9.5,4,13,0.615384615,1,3.311965812,0.46870127,0.220072872
WO008,0,0,172,1,183,6.5,217,0,119,8.5,6,20,0.9,0.85,2.510683761,0.670105356,0.226164612
WO013,0,0,174,1,158,13.5,218,0,90,7.5,0,0,0,0,0,0.411984197,0.215247915
WO014,0,0,174,1,140,11,218,0,75,7,0,0,0,0,0,0.443151888,0.216150158
WO016,0,0,172,1,109,7.5,217,0,56,8,0,0,0,0,1.949786325,0.546751536,0.220838682
WO017,0,0,172,1,127,6.5,217,0,72,8,4,9,0.555555556,0.4,3.89957265,0.597673398,0.222284068
WO018,0,0,172,1,145,2.5,217,0,87,8,5,13,0.461538462,1,2.243589744,0.669885865,0.222712745
WO019,0,0,172,1,165,2.5,217,0,103,7,6,12,0.583333333,0.8,2.270299145,0.651229148,0.22337484
WO020,0,0,177,1,238,NA,217,0,135,8.5,3,17,0.411764706,0.85,5.235042735,0.622695347,0.223814739
WO023,0,0,174,1,29,12.5,218,0,118,8,1,1,0,0,0,0.313652327,0.214707018
WO024,0,0,174,1,195,12,218,0,104,7.5,0,0,0,0,0,0.390913082,0.214159387
WO025,0,0,174,1,176,13.5,218,0,60,4.5,8,15,0.133333333,0.95,0.908119658,0.466856892,0.214430958
WO026,0,0,174,1,119,9.5,218,0,45,4,5,14,0.071428571,0.9,3.525641026,0.499341528,0.214727217
WO027,0,0,172,0,57,6.5,217,1,46,9,5,11,0.636363636,0.8,2.430555556,0.600526778,0.21766512
WO028,1,0,172,1,91,8.5,217,0,42,9,4,9,0.666666667,0.85,3.151709402,0.617647059,0.217912002
WO029,0,0,172,1,71,8,217,0,27,8,4,14,0.428571429,0.85,2.297008547,0.645522388,0.21846861
WO030,0,0,172,1,51,6.5,217,0,11,8,5,8,0.5,0.7,5.422008547,0.656496927,0.219047662
WO031,0,0,172,1,31,8.5,217,0,-5,7.5,7,18,0.722222222,1,3.365384615,0.592186128,0.219779332
WO032,1,0,172,1,7,8.5,217,0,-21,7,6,18,0.444444444,0.9,4.139957265,0.530070237,0.220643421
WO035,0,0,174,1,11,11,218,0,-20,4,0,0,0,0,0,0.400351185,0.214219986
WO036,0,0,174,1,59,11.5,218,0,-4,3,1,1,0,0.05,1.549145299,0.458296752,0.213815996
WO037,0,0,174,1,81,10.5,218,0,12,5,2,6,0,0.85,3.311965812,0.504828797,0.213854151
WO038,0,0,174,1,100,10.5,218,0,28,5,8,21,0.047619048,0.95,3.952991453,0.56167691,0.213396296
WO041,0,0,172,0,102,7.5,217,1,101,7,5,16,0.6875,0.95,3.098290598,0.677568042,0.216150158
WO042,0,0,172,0,87,8.5,217,1,82,8,2,4,0,0.45,2.617521368,0.698639157,0.215474598
WO043,0,0,172,0,72,8,217,1,65,8,2,14,1,1,1.121794872,0.691834943,0.214794549
WO044,0,0,172,0,38,8.5,217,1,26,8,5,15,0.6,0.95,1.602564103,0.671641791,0.215472354
WO045,0,0,172,0,20,8.5,217,1,8,7.5,8,19,0.473684211,0.9,1.308760684,0.645741879,0.216138937
WO048,0,0,184,1,85,6.5,206,0,58,8.5,2,2,0,0.25,1.335470085,0.443371378,0.21305066
WO049,0,0,184,1,66,5,206,0,42,8.5,4,13,0.692307692,0.8,3.445512821,0.478050922,0.212960885
WO050,0,0,184,1,46,6,206,0,27,9,8,20,0.5,0.95,1.09508547,0.537971905,0.212388566
WO051,0,0,184,1,28,3,206,0,11,7,4,26,0.076923077,0.85,1.629273504,0.595039508,0.21158732
WO052,0,0,184,1,8,4,206,0,-5,8.5,4,24,0.833333333,0.95,1.655982906,0.643985953,0.210586324
WO059,0,0,172,0,116,7.5,217,1,117,8.5,6,11,0.181818182,0.9,1.522435897,0.684152766,0.213605024
WO060,0,0,172,0,132,6.5,217,1,134,8.5,3,7,0.285714286,0.7,3.819444444,0.697761194,0.213214501
WO061,0,0,172,0,147,2.5,217,1,151,8,5,15,0.666666667,0.95,1.575854701,0.697980685,0.213019239
WO062,0,0,172,0,162,2.5,217,1,166,8,2,13,0.307692308,1,1.362179487,0.656057946,0.213495049
WO063,0,0,172,0,4,8.5,217,1,-13,7,4,18,0.833333333,1,2.243589744,0.592405619,0.213717243
WO066,0,0,184,1,106,8.5,206,0,72,9,2,4,0,0.2,2.136752137,0.494732221,0.211154153
WO067,1,0,184,1,127,8,206,0,87,13,3,21,0.952380952,0.85,1.762820513,0.5309482,0.211062134
WO068,0,0,184,1,146,8,206,0,103,11.5,4,16,0.25,0.8,3.338675214,0.58143108,0.21045166
WO069,0,0,184,1,164,8,206,0,128,12.5,5,17,0.588235294,0.95,1.068376068,0.624012291,0.20924418
WO070,0,0,184,1,181,7.5,206,0,142,14.5,2,3,0.666666667,0.1,0.133547009,0.654960492,0.208171363
WO071,0,0,174,0,57,11.5,218,1,59,4.5,0,0,0,0,0,0.664618086,0.20767311
WO072,0,0,174,0,73,10.5,218,1,41,4,5,14,0.357142857,1,2.270299145,0.676031607,0.206869619
WO073,0,0,174,0,26,12.5,218,1,26,5,6,15,0,1,1.121794872,0.663520632,0.206265879
WO074,0,0,174,0,97,10.5,218,1,9,5,7,15,0.533333333,1,3.712606838,0.670105356,0.206642936
WO075,0,0,174,0,4,11,218,1,-6,3,5,14,0.214285714,0.85,4.006410256,0.670544337,0.20712099
WO076,0,0,174,0,116,9.5,218,1,110,8,5,21,0.476190476,1,2.884615385,0.667251975,0.208831213
WO077,0,0,174,0,130,11,218,1,95,7.5,3,22,0.954545455,1,0.827991453,0.664179104,0.210828717
WO087,0,0,184,0,131,8,206,1,144,14.5,0,0,0,0,0,0.582309043,0.208182585
WO088,0,0,184,0,116,8.5,206,1,127,12.5,0,0,0,0,0,0.594600527,0.207230965
WO089,0,0,184,0,102,8.5,206,1,108,11.5,6,22,0.363636364,0.8,2.510683761,0.616769096,0.206387076
WO090,0,0,184,0,87,6.5,206,1,90,13,4,14,0.5,1,1.98837565,0.623134328,0.205801291
WO091,1,0,184,0,67,5,206,1,72,9,3,12,0.583333333,0.6,3.739316239,0.631474978,0.204991067
WO097,0,0,184,0,145,8,206,1,161,13.5,6,15,0.6,0.9,1.896367521,0.561457419,0.205522987
WO098,0,0,184,0,4,4,206,1,-2,8.5,5,11,0.363636364,0.75,1.923076923,0.553555751,0.205561142
WO099,0,0,184,0,20,3,206,1,17,7,6,15,0.4,1,2.270299145,0.541483758,0.204997801
WO100,0,0,184,0,37,6,206,1,36,9,4,15,0.6,0.95,1.522435897,0.550702371,0.204528724
WO101,0,0,184,0,52,6,206,1,54,8.5,6,20,0.6,1,1.575854701,0.567603161,0.203157403
